{"controller_values": {"Launch Control XL": {"78": 0.5905511811023622, "77": 0.36220472440944884, "79": 0.5275590551181102, "80": 0.47244094488188976, "81": 0.6299212598425197}}}