{"controller_values": {"Launch Control XL": {"78": 0.7007874015748031, "77": 0.33858267716535434, "79": 0.9133858267716536}}}